                  epoch,         train/box_loss,         train/cls_loss,         train/dfl_loss,   metrics/precision(B),      metrics/recall(B),       metrics/mAP50(B),    metrics/mAP50-95(B),           val/box_loss,           val/cls_loss,           val/dfl_loss,                 lr/pg0,                 lr/pg1,                 lr/pg2
                      1,                 2.6175,                 3.5903,                  3.616,                0.31675,                0.23229,                0.17253,                0.08806,                 1.4912,                 2.0879,                 2.6714,              0.0033294,              0.0033294,              0.0033294
                      2,                 1.6307,                 2.5007,                 2.3625,                0.31875,                0.39685,                0.30459,                0.20532,                 1.0592,                 1.6629,                 1.8062,              0.0065967,              0.0065967,              0.0065967
                      3,                 1.4006,                 2.1035,                 2.0436,                0.39065,                0.43855,                0.29245,                0.20132,                 1.0231,                 1.6223,                 1.7265,              0.0097981,              0.0097981,              0.0097981
                      4,                   1.29,                 1.8642,                 1.9038,                0.33999,                0.46403,                0.36933,                0.25562,                0.87875,                 1.1569,                 1.5798,               0.009703,               0.009703,               0.009703
                      5,                 1.2148,                 1.7238,                  1.823,                0.31612,                0.45723,                0.37826,                0.28372,                0.84367,                 1.1743,                 1.4967,               0.009604,               0.009604,               0.009604
                      6,                 1.1677,                 1.6157,                 1.7699,                0.33651,                0.54751,                0.39975,                0.28876,                0.77761,                 1.1003,                 1.4363,               0.009505,               0.009505,               0.009505
                      7,                 1.1325,                  1.558,                 1.7399,                 0.4498,                0.53284,                0.47759,                0.34476,                0.72248,                0.99541,                  1.367,               0.009406,               0.009406,               0.009406
                      8,                  1.112,                 1.5102,                 1.7194,                0.55487,                0.46301,                0.51389,                0.36557,                0.71029,                0.98936,                 1.3529,               0.009307,               0.009307,               0.009307
                      9,                 1.0917,                 1.4541,                 1.6907,                0.39345,                0.56744,                0.50226,                 0.3565,                0.73392,                0.95258,                 1.3931,               0.009208,               0.009208,               0.009208
                     10,                 1.0775,                  1.423,                 1.6725,                 0.4874,                0.61282,                 0.5505,                0.39735,                 0.7167,                0.89194,                 1.3656,               0.009109,               0.009109,               0.009109
                     11,                 1.0747,                 1.4146,                 1.6759,                0.46259,                0.60553,                0.54636,                0.39121,                0.70878,                0.97885,                 1.3756,                0.00901,                0.00901,                0.00901
                     12,                 1.0557,                 1.3755,                 1.6548,                0.51192,                0.59028,                0.53404,                0.39449,                0.68378,                0.89746,                 1.3373,               0.008911,               0.008911,               0.008911
                     13,                 1.0508,                 1.3575,                 1.6448,                0.48077,                0.62229,                0.59129,                0.42445,                0.67432,                0.83362,                 1.3327,               0.008812,               0.008812,               0.008812
                     14,                 1.0471,                 1.3388,                 1.6428,                 0.6635,                0.51063,                0.59485,                0.43037,                0.66496,                0.89492,                 1.3191,               0.008713,               0.008713,               0.008713
                     15,                 1.0328,                 1.3122,                 1.6246,                0.47005,                 0.6419,                0.59596,                0.43194,                0.67319,                0.83427,                 1.3435,               0.008614,               0.008614,               0.008614
                     16,                 1.0285,                 1.2895,                 1.6181,                0.54823,                0.62054,                0.58873,                 0.4377,                 0.6575,                 0.8488,                 1.3111,               0.008515,               0.008515,               0.008515
                     17,                 1.0153,                 1.2632,                 1.6044,                0.52821,                0.64565,                0.60886,                0.44572,                0.64978,                0.81046,                  1.317,               0.008416,               0.008416,               0.008416
                     18,                 1.0127,                 1.2597,                 1.6034,                0.55686,                0.61617,                0.62504,                0.46533,                0.66277,                0.80241,                 1.3215,               0.008317,               0.008317,               0.008317
                     19,                 1.0055,                  1.245,                 1.5915,                0.62552,                0.65509,                0.65033,                0.47632,                0.63985,                0.77231,                 1.3002,               0.008218,               0.008218,               0.008218
                     20,                 1.0006,                 1.2289,                 1.5921,                0.57419,                0.66128,                0.63783,                0.48012,                0.63669,                0.79047,                 1.2919,               0.008119,               0.008119,               0.008119
                     21,                0.99642,                 1.2182,                  1.586,                 0.5778,                0.63117,                0.64589,                0.47759,                 0.6235,                 0.7607,                 1.2804,                0.00802,                0.00802,                0.00802
                     22,                0.99549,                 1.2108,                 1.5813,                0.61147,                0.66693,                0.68699,                 0.5076,                0.62804,                0.73651,                 1.2936,               0.007921,               0.007921,               0.007921
                     23,                0.99323,                 1.1799,                 1.5755,                0.61105,                0.64528,                0.66791,                0.49274,                0.63934,                 0.7444,                 1.2934,               0.007822,               0.007822,               0.007822
                     24,                0.98325,                 1.1797,                  1.574,                0.66122,                0.65914,                0.67357,                0.49645,                0.62663,                0.74816,                 1.2894,               0.007723,               0.007723,               0.007723
                     25,                0.97543,                 1.1615,                 1.5666,                 0.6109,                0.70704,                 0.6814,                0.50789,                0.61762,                0.73354,                   1.28,               0.007624,               0.007624,               0.007624
                     26,                0.96687,                 1.1393,                 1.5569,                0.58468,                0.69968,                0.68276,                0.51216,                0.62024,                0.71313,                 1.2839,               0.007525,               0.007525,               0.007525
                     27,                0.97477,                  1.145,                 1.5614,                0.57113,                0.68008,                0.68558,                0.51081,                0.62024,                0.71549,                 1.2687,               0.007426,               0.007426,               0.007426
                     28,                0.96501,                 1.1367,                 1.5563,                0.63891,                0.67063,                0.70079,                 0.5195,                0.62102,                0.70568,                 1.2925,               0.007327,               0.007327,               0.007327
                     29,                0.96556,                 1.1314,                 1.5554,                0.58206,                 0.7402,                0.69851,                0.52085,                0.62382,                 0.6883,                 1.2799,               0.007228,               0.007228,               0.007228
                     30,                0.96388,                 1.1206,                 1.5506,                0.62634,                0.67472,                0.68901,                0.51084,                0.61429,                0.70599,                 1.2801,               0.007129,               0.007129,               0.007129
                     31,                0.94968,                 1.1075,                 1.5412,                0.64013,                0.68175,                0.70467,                0.52989,                 0.6186,                0.69801,                 1.2764,                0.00703,                0.00703,                0.00703
                     32,                0.95419,                 1.1014,                 1.5405,                0.59762,                0.74076,                0.71125,                0.53319,                0.60702,                0.68151,                 1.2623,               0.006931,               0.006931,               0.006931
                     33,                0.95169,                 1.0852,                  1.541,                0.67833,                0.74033,                0.73118,                0.54582,                0.60556,                0.66348,                 1.2684,               0.006832,               0.006832,               0.006832
                     34,                0.94568,                 1.0832,                 1.5329,                 0.6706,                0.73519,                0.74346,                0.55551,                0.60852,                0.66762,                 1.2696,               0.006733,               0.006733,               0.006733
                     35,                0.93712,                 1.0776,                 1.5281,                0.65578,                0.73493,                0.73107,                0.54927,                0.60201,                0.66655,                 1.2581,               0.006634,               0.006634,               0.006634
                     36,                 0.9378,                 1.0695,                 1.5253,                0.71875,                0.71372,                0.75285,                0.56503,                0.60431,                0.65794,                 1.2639,               0.006535,               0.006535,               0.006535
                     37,                0.93548,                 1.0568,                 1.5264,                0.67885,                0.72513,                0.74378,                0.56264,                0.60133,                0.64474,                   1.27,               0.006436,               0.006436,               0.006436
                     38,                0.93199,                  1.048,                 1.5213,                0.71883,                0.67547,                0.74792,                0.56356,                0.60361,                0.64178,                 1.2717,               0.006337,               0.006337,               0.006337
                     39,                0.93152,                 1.0412,                  1.523,                0.71235,                0.70443,                0.75054,                0.56578,                 0.6012,                0.64203,                 1.2813,               0.006238,               0.006238,               0.006238
                     40,                0.91949,                 1.0267,                 1.5131,                0.71642,                0.71653,                0.75527,                0.57246,                0.59525,                0.62928,                 1.2722,               0.006139,               0.006139,               0.006139
                     41,                0.92653,                 1.0287,                 1.5135,                0.76675,                0.67463,                0.76266,                0.57727,                0.59617,                0.62487,                 1.2654,                0.00604,                0.00604,                0.00604
                     42,                 0.9232,                 1.0197,                 1.5099,                0.74147,                0.69661,                0.76115,                0.57564,                0.59705,                0.62538,                 1.2613,               0.005941,               0.005941,               0.005941
                     43,                0.91538,                  1.001,                 1.5058,                0.72782,                0.72427,                0.76105,                0.57142,                0.59827,                0.61799,                  1.261,               0.005842,               0.005842,               0.005842
                     44,                0.91582,                 1.0012,                 1.5031,                0.71446,                0.75272,                0.76312,                0.56987,                0.59998,                0.62115,                  1.264,               0.005743,               0.005743,               0.005743
                     45,                0.90715,                 0.9903,                 1.4968,                0.74379,                0.70058,                0.76086,                0.57468,                 0.6001,                0.62078,                 1.2642,               0.005644,               0.005644,               0.005644
                     46,                0.91845,                0.99376,                 1.5045,                 0.7667,                0.70157,                0.76453,                0.57755,                0.59461,                0.61286,                 1.2616,               0.005545,               0.005545,               0.005545
                     47,                0.90549,                0.97817,                 1.4935,                0.76052,                0.70398,                0.77313,                0.58741,                0.59353,                0.61194,                 1.2619,               0.005446,               0.005446,               0.005446
                     48,                 0.9025,                0.96897,                 1.4939,                0.73164,                0.73539,                0.77342,                0.58675,                0.59248,                0.60538,                 1.2589,               0.005347,               0.005347,               0.005347
                     49,                 0.9017,                0.96928,                 1.4895,                0.72233,                0.74721,                0.77379,                0.58732,                0.59137,                0.60257,                 1.2542,               0.005248,               0.005248,               0.005248
                     50,                0.90527,                0.97501,                 1.4958,                 0.7032,                0.75152,                0.78569,                0.59746,                0.58581,                0.59782,                 1.2528,               0.005149,               0.005149,               0.005149
                     51,                0.89747,                0.96255,                 1.4865,                0.75457,                0.70991,                0.78114,                0.59905,                 0.5878,                0.59904,                 1.2553,                0.00505,                0.00505,                0.00505
                     52,                0.89415,                0.95233,                 1.4809,                0.69871,                0.78498,                0.78639,                0.60153,                0.58859,                0.59922,                 1.2553,               0.004951,               0.004951,               0.004951
                     53,                0.89046,                0.94143,                   1.48,                0.77995,                0.69223,                0.78439,                0.60039,                0.58838,                0.59444,                 1.2562,               0.004852,               0.004852,               0.004852
                     54,                0.89295,                0.92922,                 1.4833,                0.75927,                 0.7192,                0.78579,                0.60118,                 0.5887,                0.58685,                 1.2553,               0.004753,               0.004753,               0.004753
                     55,                0.88363,                0.92723,                 1.4761,                0.77394,                0.70414,                0.78732,                0.60419,                0.58727,                0.58526,                 1.2553,               0.004654,               0.004654,               0.004654
                     56,                0.88462,                0.91943,                 1.4768,                0.77252,                0.72432,                 0.7868,                0.60493,                0.58695,                 0.5853,                 1.2546,               0.004555,               0.004555,               0.004555
                     57,                0.87936,                0.91652,                 1.4646,                0.77624,                0.71871,                 0.7864,                0.60585,                0.58723,                0.58353,                 1.2511,               0.004456,               0.004456,               0.004456
                     58,                0.88378,                0.91693,                 1.4749,                0.75153,                0.73659,                0.78994,                0.60432,                0.58578,                0.58482,                 1.2483,               0.004357,               0.004357,               0.004357
                     59,                 0.8742,                0.90843,                 1.4657,                0.74469,                0.74645,                0.79086,                  0.607,                0.58482,                0.58517,                 1.2504,               0.004258,               0.004258,               0.004258
                     60,                0.86936,                0.89839,                 1.4615,                0.80519,                0.69924,                0.79292,                0.60607,                0.58554,                0.58113,                 1.2534,               0.004159,               0.004159,               0.004159
                     61,                0.87594,                0.90141,                 1.4635,                0.79498,                0.71367,                0.79386,                0.60548,                0.58456,                0.57945,                 1.2528,                0.00406,                0.00406,                0.00406
                     62,                 0.8646,                0.89446,                 1.4558,                0.73567,                0.77735,                0.79577,                0.60562,                0.58293,                0.57723,                 1.2523,               0.003961,               0.003961,               0.003961
                     63,                0.87131,                0.88109,                 1.4612,                 0.7386,                0.79105,                0.79703,                0.60646,                0.58375,                0.57651,                 1.2544,               0.003862,               0.003862,               0.003862
                     64,                0.86494,                0.87991,                 1.4584,                0.73519,                0.80526,                0.79827,                 0.6102,                0.58324,                0.57409,                 1.2554,               0.003763,               0.003763,               0.003763
                     65,                0.85074,                0.86184,                 1.4428,                0.73882,                0.80113,                0.79925,                0.60838,                0.58334,                0.57347,                 1.2553,               0.003664,               0.003664,               0.003664
                     66,                0.85425,                0.86363,                 1.4445,                0.73994,                0.79558,                 0.8008,                0.61046,                0.58296,                0.57206,                 1.2547,               0.003565,               0.003565,               0.003565
                     67,                 0.8534,                0.86282,                 1.4452,                0.74088,                 0.7972,                0.80269,                0.61019,                0.58452,                0.57015,                 1.2575,               0.003466,               0.003466,               0.003466
                     68,                0.85954,                0.85573,                 1.4556,                0.73812,                0.80689,                0.80499,                0.61309,                0.58482,                0.56895,                 1.2593,               0.003367,               0.003367,               0.003367
                     69,                 0.8494,                0.84391,                 1.4443,                0.73941,                0.80422,                0.80671,                0.61643,                0.58417,                 0.5671,                 1.2608,               0.003268,               0.003268,               0.003268
                     70,                0.84369,                0.83467,                 1.4388,                0.74294,                0.79451,                0.80788,                  0.619,                0.58448,                0.56608,                 1.2613,               0.003169,               0.003169,               0.003169
                     71,                0.84406,                0.83787,                 1.4376,                0.73981,                0.80671,                0.80846,                0.61714,                0.58432,                0.56441,                 1.2618,                0.00307,                0.00307,                0.00307
                     72,                0.83755,                0.82643,                  1.429,                0.74843,                0.79591,                0.80855,                0.61736,                0.58498,                0.56324,                 1.2625,               0.002971,               0.002971,               0.002971
                     73,                0.83768,                0.82019,                 1.4286,                0.75513,                0.79508,                0.80903,                0.62054,                 0.5849,                0.56282,                 1.2626,               0.002872,               0.002872,               0.002872
                     74,                0.83664,                0.81142,                 1.4287,                 0.7525,                0.79195,                0.81012,                 0.6198,                0.58449,                0.56166,                 1.2631,               0.002773,               0.002773,               0.002773
                     75,                0.83123,                0.81568,                 1.4238,                0.77195,                0.77386,                0.80935,                0.62132,                0.58389,                0.56095,                 1.2623,               0.002674,               0.002674,               0.002674
                     76,                0.82625,                0.80155,                 1.4261,                0.77311,                0.77584,                0.80946,                0.62109,                0.58365,                 0.5599,                 1.2625,               0.002575,               0.002575,               0.002575
                     77,                0.82384,                0.80037,                 1.4195,                0.77116,                0.77719,                0.81003,                0.62081,                0.58375,                 0.5603,                 1.2629,               0.002476,               0.002476,               0.002476
                     78,                0.82745,                0.79579,                 1.4209,                0.77629,                0.77319,                0.80942,                0.62186,                0.58375,                0.56052,                 1.2631,               0.002377,               0.002377,               0.002377
                     79,                0.82221,                0.78356,                 1.4169,                0.77486,                0.77397,                0.80999,                0.62185,                0.58383,                 0.5592,                  1.263,               0.002278,               0.002278,               0.002278
                     80,                 0.8207,                0.78686,                 1.4127,                0.77247,                0.77551,                 0.8094,                0.62282,                0.58381,                0.55887,                 1.2625,               0.002179,               0.002179,               0.002179
                     81,                0.81734,                0.78342,                  1.413,                 0.7747,                0.77404,                 0.8091,                0.62265,                0.58369,                0.55858,                  1.263,                0.00208,                0.00208,                0.00208
                     82,                0.81554,                0.76733,                 1.4112,                0.77274,                0.77582,                0.80935,                0.62131,                0.58376,                0.55867,                 1.2633,               0.001981,               0.001981,               0.001981
                     83,                0.81435,                0.78099,                 1.4105,                0.77188,                0.77473,                 0.8095,                0.62042,                0.58382,                0.55834,                 1.2631,               0.001882,               0.001882,               0.001882
                     84,                0.80658,                0.75534,                 1.4007,                0.77245,                0.77255,                0.80975,                 0.6216,                0.58373,                0.55809,                 1.2633,               0.001783,               0.001783,               0.001783
                     85,                0.80563,                0.75506,                 1.4009,                0.78804,                 0.7617,                0.80981,                0.62167,                0.58386,                0.55788,                 1.2634,               0.001684,               0.001684,               0.001684
                     86,                 0.7996,                0.74842,                 1.3924,                0.79055,                0.76451,                0.81023,                0.62268,                0.58386,                0.55729,                 1.2633,               0.001585,               0.001585,               0.001585
                     87,                0.80555,                0.74688,                 1.3993,                0.78479,                 0.7676,                0.81072,                0.62271,                0.58396,                0.55693,                 1.2637,               0.001486,               0.001486,               0.001486
                     88,                0.79214,                0.74573,                 1.3916,                0.78857,                0.76391,                0.81129,                0.62297,                0.58384,                 0.5569,                 1.2633,               0.001387,               0.001387,               0.001387
                     89,                0.79574,                0.73591,                 1.3936,                0.79464,                0.76063,                0.81185,                0.62339,                0.58383,                0.55659,                 1.2632,               0.001288,               0.001288,               0.001288
                     90,                0.78861,                0.72911,                 1.3886,                0.79209,                0.76379,                0.81206,                0.62307,                0.58395,                 0.5563,                 1.2635,               0.001189,               0.001189,               0.001189
                     91,                0.58541,                0.41792,                 1.2798,                0.79605,                0.76104,                0.81275,                0.62421,                0.58419,                0.55521,                 1.2637,                0.00109,                0.00109,                0.00109
                     92,                0.58074,                0.41307,                 1.2732,                0.79876,                0.76175,                0.81334,                0.62414,                0.58416,                0.55426,                 1.2638,               0.000991,               0.000991,               0.000991
                     93,                 0.5719,                0.40196,                  1.267,                0.79735,                0.76209,                0.81367,                0.62432,                0.58404,                0.55394,                  1.264,               0.000892,               0.000892,               0.000892
                     94,                0.56699,                0.38454,                 1.2627,                0.79269,                0.76292,                0.81405,                0.62424,                0.58467,                0.55354,                  1.265,               0.000793,               0.000793,               0.000793
                     95,                0.56124,                0.38276,                 1.2516,                0.79362,                0.76487,                0.81467,                0.62514,                0.58455,                 0.5534,                 1.2651,               0.000694,               0.000694,               0.000694
                     96,                0.55111,                0.36437,                 1.2441,                0.79487,                0.76266,                0.81489,                0.62554,                0.58456,                0.55331,                 1.2654,               0.000595,               0.000595,               0.000595
                     97,                0.55023,                0.36591,                 1.2416,                0.79906,                0.76172,                0.81522,                0.62555,                0.58406,                 0.5536,                 1.2648,               0.000496,               0.000496,               0.000496
                     98,                 0.5441,                0.35424,                 1.2328,                0.78202,                0.78288,                0.81555,                0.62586,                0.58441,                0.55334,                 1.2655,               0.000397,               0.000397,               0.000397
                     99,                0.54121,                0.35182,                 1.2301,                0.78191,                 0.7857,                0.81569,                 0.6263,                0.58444,                0.55332,                 1.2656,               0.000298,               0.000298,               0.000298
                    100,                0.53607,                 0.3491,                 1.2241,                0.81901,                0.74965,                0.81647,                0.62657,                0.58429,                0.55342,                 1.2656,               0.000199,               0.000199,               0.000199
